reaction	max
rxn00001_d0_f	346.036225
rxn00018_d0	119.351674
rxn00029_d0	0.000000
rxn00048_d0	0.000000
rxn00060_d0	0.000000
rxn00069_d0_f	208.484841
rxn00076_d0	0.000000
rxn00077_d0_f	0.000000
rxn00086_d0_f	0.000000
rxn00097_d0_f	194.894943
rxn00102_d0_f	0.000000
rxn00117_d0_f	0.000000
rxn00121_d0	148.649822
rxn00122_d0	148.649822
rxn00124_d0_f	0.000000
rxn00148_d0_f	0.000000
rxn00151_d0	173.157625
rxn00154_c0	4.169499
rxn00154_d0	14.174578
rxn00161_d0_f	0.000000
rxn00175_d0	0.351318
rxn00187_d0	17.319837
rxn00191_d0_f	0.000000
rxn00192_d0	0.000000
rxn00208_d0	0.000000
rxn00209_d0	0.000000
rxn00211_d0_f	0.795897
rxn00224_d0_f	0.000000
rxn00237_d0_f	0.171155
rxn00248_d0_f	318.395622
rxn00249_d0_f	280.556899
rxn00257_c0_f	0.000000
rxn00260_d0_f	0.000000
rxn00272_d0_f	0.000000
rxn00275_d0_f	306.730686
rxn00300_d0	0.000000
rxn00313_d0	0.432392
rxn00333_d0	0.000000
rxn00337_d0_f	1.459323
rxn00338_d0	0.000000
rxn00361_d0_f	0.000000
rxn00379_d0	0.351318
rxn00391_d0_f	260.137189
rxn00392_d0_f	260.137189
rxn00394_d0_f	0.000000
rxn00409_d0_f	0.000000
rxn00414_d0	2.314032
rxn00416_d0	0.252229
rxn00420_d0	4.735375
rxn00459_d0_f	24.590917
rxn00474_d0	0.108098
rxn00490_d0	3.461720
rxn00493_d0_f	0.000000
rxn00495_c0	3.276372
rxn00499_c0_f	0.000000
rxn00506_d0_f	0.000000
rxn00526_d0	0.220700
rxn00527_d0_f	0.000000
rxn00533_d0	12.071941
rxn00611_d0_f	0.000000
rxn00646_d0	0.000000
rxn00689_d0_f	0.000000
rxn00692_d0_f	0.000000
rxn00693_d0_f	0.220700
rxn00710_c0	2.022459
rxn00720_d0_f	0.000000
rxn00727_d0	0.108098
rxn00737_d0	0.373839
rxn00747_d0_f	87.457434
rxn00770_d0_f	3.047765
rxn00777_d0_f	38.067125
rxn00781_d0_f	0.000000
rxn00782_d0_f	0.000000
rxn00799_c0_f	0.000000
rxn00800_d0_f	0.171155
rxn00802_d0_f	0.495449
rxn00806_d0_f	0.000000
rxn00830_d0_f	0.000000
rxn00838_d0	0.171155
rxn00839_d0_f	0.000000
rxn00863_d0_f	0.171155
rxn00903_d0_f	0.000000
rxn00907_d0_f	4.080511
rxn00947_d0	0.000000
rxn00974_d0_f	3.058283
rxn00980_d0	0.000000
rxn01000_d0	3.461720
rxn01007_d0	0.795897
rxn01011_d0_f	0.000000
rxn01018_d0	2.022459
rxn01019_d0	0.495449
rxn01069_d0	0.806231
rxn01100_d0_f	215.947690
rxn01101_d0_f	4.735375
rxn01102_d0_f	0.000000
rxn01106_d0_f	0.000000
rxn01111_d0_f	119.351674
rxn01115_d0_f	0.000000
rxn01116_d0_f	0.000000
rxn01200_d0_f	39.981763
rxn01211_d0_f	4.080511
rxn01213_d0	0.000000
rxn01249_d0_f	0.000000
rxn01255_d0	3.644563
rxn01256_d0	3.584450
rxn01257_d0_f	0.000000
rxn01258_d0_f	0.000000
rxn01300_d0	1.026931
rxn01301_d0_f	0.000000
rxn01302_d0_f	278.485886
rxn01332_d0	3.644563
rxn01334_d0_f	0.000000
rxn01345_d0	218.597681
rxn01353_d0_f	0.000000
rxn01361_c0_f	2.022459
rxn01362_c0_f	0.000000
rxn01396_d0_f	0.000000
rxn01434_d0	0.495449
rxn01465_d0_f	0.000000
rxn01476_d0_f	0.000000
rxn01486_d0	0.000000
rxn01512_d0_f	0.000000
rxn01575_d0_f	0.000000
rxn01611_c0	3.276372
rxn01629_d0_f	0.000000
rxn01636_d0_f	0.495449
rxn01637_d0_f	0.000000
rxn01643_d0_f	0.000000
rxn01644_d0	0.432392
rxn01652_d0_f	0.000000
rxn01673_d0_f	0.000000
rxn01678_d0_f	0.000000
rxn01682_d0_f	0.108098
rxn01739_d0_f	3.644563
rxn01740_d0_f	0.000000
rxn01807_d0_f	0.000000
rxn01827_d0	0.000000
rxn01917_d0_f	0.495449
rxn01974_d0_f	0.432392
rxn01975_d0_f	0.000000
rxn02056_d0_f	0.000000
rxn02159_d0_f	0.171155
rxn02160_d0	0.171155
rxn02212_d0	3.644563
rxn02213_d0_f	3.644563
rxn02251_d0	0.000000
rxn02264_d0_f	0.000000
rxn02288_d0	0.000000
rxn02303_d0	0.000000
rxn02304_d0_f	0.000000
rxn02305_d0_f	0.000000
rxn02320_d0_f	0.000000
rxn02374_d0	0.432392
rxn02380_d0_f	0.000000
rxn02465_d0_f	0.000000
rxn02473_d0	0.171155
rxn02474_d0_f	0.000000
rxn02475_d0	0.000000
rxn02476_d0_f	3.644563
rxn02484_d0_f	0.000000
rxn02507_d0	0.108098
rxn02508_d0_f	0.108098
rxn02733_d0_f	0.000000
rxn02789_d0_f	0.774702
rxn02811_d0_f	0.000000
rxn02834_d0	0.171155
rxn02835_d0_f	0.171155
rxn02895_d0	1.990684
rxn02914_d0_f	0.000000
rxn02928_d0_f	0.000000
rxn02929_d0_f	278.651196
rxn02937_d0	1.990684
rxn02938_d0_f	0.000000
rxn02959_d0_f	0.000000
rxn03004_d0_f	1.990684
rxn03062_d0_f	0.774702
rxn03080_d0	0.000000
rxn03084_d0	1.990684
rxn03108_d0_f	0.000000
rxn03136_d0_f	1.990684
rxn03137_d0_f	2.089827
rxn03147_d0	1.990684
rxn03175_d0_f	0.171155
rxn03437_d0	0.373839
rxn03841_d0	0.000000
rxn03891_d0	0.000000
rxn03892_d0	0.000000
rxn03907_d0_f	0.000000
rxn03908_d0_f	0.000000
rxn03909_d0	0.000000
rxn03910_d0	0.000000
rxn03958_d0_f	0.000000
rxn03983_d0_f	0.000000
rxn04113_d0	0.000000
rxn04152_d0_f	0.000000
rxn04153_d0_f	0.000000
rxn04154_d0_f	0.000000
rxn04161_d0_f	0.000000
rxn04674_d0	0.000000
rxn04954_d0_f	0.000000
rxn05023_d0	0.000000
rxn05024_d0_f	0.000000
rxn05028_d0	0.000000
rxn05036_d0_f	0.000000
rxn05039_d0	0.000000
rxn05040_d0	0.000000
rxn05104_d0	0.000000
rxn05105_d0_f	0.000000
rxn05106_d0	0.000000
rxn05238_c0_i	0.351318
rxn05238_d0_o	0.000000
rxn05287_d0	0.000000
rxn05319_c0_i	95.592280
rxn05319_d0_o	0.000000
rxn05324_d0_f	0.000000
rxn05325_d0_f	0.000000
rxn05326_d0_f	0.000000
rxn05330_d0_f	1.709831
rxn05331_d0_f	1.709831
rxn05335_d0_f	1.709831
rxn05337_d0_f	0.000000
rxn05338_d0_f	0.000000
rxn05340_d0_f	0.000000
rxn05342_d0_f	0.000000
rxn05343_d0_f	1.709831
rxn05345_d0_f	1.709831
rxn05346_d0_f	1.709831
rxn05348_d0_f	1.709831
rxn05350_d0_f	1.709831
rxn05465_d0_f	11.968816
rxn05466_c0_i	15.547783
rxn05466_d0_o	0.000000
rxn05467_c0_i	109.265404
rxn05467_d0_o	0.000000
rxn05468_c0_i	0.000000
rxn05468_d0_o	113.649678
rxn05736_d0	0.000000
rxn06556_d0_f	0.000000
rxn07441_d0_f	0.000000
rxn07447_d0	0.000000
rxn07579_d0_f	0.493928
rxn08043_d0_f	0.373839
rxn08173_y0	341.061746
rxn08217_c0_o	0.000000
rxn08352_d0	0.000000
rxn08392_d0_f	1.709831
rxn08436_d0_f	1.644709
rxn08544_d0_i	0.000000
rxn08730_c0_o	21.753473
rxn08730_d0_i	0.000000
rxn08756_d0	0.000000
rxn08764_d0_f	0.373839
rxn08766_d0_f	1.709831
rxn08868_d0_i	4.203135
rxn09118_d0_i	0.000000
rxn09121_c0_o	0.000000
rxn09121_d0_i	4.253327
rxn09218_d0_i	0.000000
rxn09444_d0	0.000000
rxn09449_d0	0.000000
rxn09453_d0	0.000000
rxn09817_d0_i	0.000000
rxn09839_d0_i	0.000000
rxn10832_d0_o	0.000000
rxn11040_d0_f	0.000000
rxn11700_d0_f	0.221363
rxn11702_d0	-0.000000
rxn11703_d0	-0.000000
rxn12282_d0	0.000000
rxn13360_d0_i	3.276372
rxn13361_d0_o	4.518279
rxn13365_d0_i	0.000000
rxn14012_d0	0.000000
rxn14085_d0	0.000000
rxn14094_d0_f	0.000000
rxn14142_d0_f	0.000000
rxn14261_d0_f	0.000000
rxn15022_d0	1.833161
rxn15069_d0_f	0.000000
rxn15116_d0_f	0.000000
rxn15166_d0	0.220700
rxn15250_d0	7.404074
rxn15271_d0_f	41.765690
rxn15280_d0_f	0.000000
rxn15298_d0_f	308.663564
rxn15364_d0_f	0.000000
rxn15435_d0_f	0.000000
rxn15493_d0_f	232.813456
rxn15494_d0_f	369.663916
rxn17196_d0	369.355263
rxn17469_d0_f	0.000000
rxn17803_d0_f	0.297166
rxn18935_d0_f	1.709831
rxn18936_d0_f	1.709831
rxn18937_d0_f	1.709831
rxn19027_d0_f	0.000000
rxn19246_d0	0.000000
rxn19343_d0	0.220700
rxn19345_d0	0.351318
rxn19544_d0	1.346720
rxn19686_d0_f	1.709831
rxn19828_d0_f	0.000000
rxn19846_d0_f	0.000000
rxn19900_d0	0.000000
rxn20583_d0_f	0.000000
rxn20595_y0	227.374498
rxn20617_d0	0.432392
rxn20632_y0	113.687249
rxn20643_d0	0.000000
rxn23155_d0_f	0.000000
rxn23415_d0_f	0.000000
rxn23805_d0	0.000000
rxn24310_d0	0.000000
rxn24312_d0	0.000000
rxn24330_d0_f	0.000000
rxn24357_d0_f	0.000000
rxn24358_d0_f	0.000000
rxn24360_d0_f	0.000000
rxn24362_d0_f	0.000000
rxn24508_d0_f	0.297166
rxn25637_d0_f	1.709831
rxn25641_d0_f	0.000000
rxn25647_d0_f	1.709831
rxn25649_d0_f	0.000000
rxn25660_d0_f	0.000000
rxn25661_d0_f	0.000000
rxn25662_d0_f	0.000000
rxn25716_d0_f	0.493928
rxn25718_d0_f	0.000000
rxn25719_d0_f	0.493928
rxn25743_d0_f	1.709831
rxn25747_d0_f	0.000000
rxn25750_d0_f	0.000000
rxn25762_d0	0.000000
rxn26037_d0_f	0.000000
rxn26477_d0_f	0.000000
rxn26498_d0_f	0.000000
rxn26528_d0_f	0.000000
rxn26754_d0	454.748995
rxn27029_d0	0.000000
rxn27030_d0	0.000000
rxn27266_d0_f	0.000000
rxn27318_d0_f	0.000000
rxn29240_d0_f	0.000000
rxn29318_d0_o	0.000000
rxn29733_d0_o	0.000000
rxn29785_d0_o	0.000000
rxn29919_d0_f	215.865261
rxn31154_d0_i	909.497991
rxn33186_d0_i	0.000000
rxn37018_d0_f	0.000000
rxn37266_d0_f	0.000000
rxn37324_d0	0.000000
rxn37651_d0_f	0.000000
rxn44318_d0	0.000000
rxn_cpd00103_c0_o	2.022459
bio1	12.022570
EX_cpd00067_e0_o	21.753473
EX_cpd00007_e0_o	111.932184
rxn00001_d0_r	0.000000
rxn00069_d0_r	190.405064
rxn00077_d0_r	0.000000
rxn00086_d0_r	0.351318
rxn00097_d0_r	0.000000
rxn00102_d0_r	12.620471
rxn00117_d0_r	0.000000
rxn00124_d0_r	0.000000
rxn00148_d0_r	207.452768
rxn00161_d0_r	6.933379
rxn00191_d0_r	307.018726
rxn00211_d0_r	0.000000
rxn00224_d0_r	0.000000
rxn00237_d0_r	0.000000
rxn00248_d0_r	276.985945
rxn00249_d0_r	0.000000
rxn00257_c0_r	3.242741
rxn00260_d0_r	4.460417
rxn00272_d0_r	306.961118
rxn00275_d0_r	306.845902
rxn00330_c0	1.826316
rxn00337_d0_r	0.000000
rxn00361_d0_r	0.000000
rxn00391_d0_r	0.000000
rxn00392_d0_r	0.000000
rxn00394_d0_r	0.000000
rxn00409_d0_r	0.000000
rxn00459_d0_r	0.000000
rxn00493_d0_r	3.461720
rxn00499_c0_r	0.805252
rxn00506_d0_r	0.000000
rxn00527_d0_r	0.000000
rxn00611_d0_r	2.557532
rxn00689_d0_r	0.000000
rxn00692_d0_r	4.208353
rxn00693_d0_r	0.000000
rxn00711_d0	0.000000
rxn00720_d0_r	0.000000
rxn00747_d0_r	0.000000
rxn00770_d0_r	0.000000
rxn00777_d0_r	0.000000
rxn00781_d0_r	365.257159
rxn00782_d0_r	403.095883
rxn00789_d0	0.171155
rxn00790_d0	1.990684
rxn00791_d0	0.108098
rxn00799_c0_r	2.376819
rxn00800_d0_r	0.000000
rxn00802_d0_r	0.000000
rxn00806_d0_r	0.774702
rxn00830_d0_r	0.000000
rxn00832_d0	2.089827
rxn00839_d0_r	0.000000
rxn00863_d0_r	0.000000
rxn00902_d0	0.774702
rxn00903_d0_r	0.572018
rxn00907_d0_r	0.000000
rxn00931_d0	0.432392
rxn00974_d0_r	0.000000
rxn01011_d0_r	0.000000
rxn01100_d0_r	0.000000
rxn01101_d0_r	0.000000
rxn01102_d0_r	0.000000
rxn01106_d0_r	24.590917
rxn01111_d0_r	0.000000
rxn01115_d0_r	0.000000
rxn01116_d0_r	81.709303
rxn01200_d0_r	0.000000
rxn01208_d0	0.774702
rxn01211_d0_r	0.000000
rxn01249_d0_r	0.000000
rxn01257_d0_r	0.000000
rxn01258_d0_r	0.000000
rxn01301_d0_r	279.056958
rxn01302_d0_r	316.895681
rxn01334_d0_r	247.499399
rxn01353_d0_r	0.000000
rxn01361_c0_r	0.000000
rxn01362_c0_r	2.022459
rxn01396_d0_r	0.000000
rxn01465_d0_r	2.022459
rxn01476_d0_r	0.000000
rxn01512_d0_r	0.000000
rxn01539_d0	0.000000
rxn01575_d0_r	0.373839
rxn01629_d0_r	0.000000
rxn01636_d0_r	0.000000
rxn01637_d0_r	0.495449
rxn01643_d0_r	1.459323
rxn01652_d0_r	0.000000
rxn01673_d0_r	0.000000
rxn01678_d0_r	0.000000
rxn01682_d0_r	0.000000
rxn01739_d0_r	0.000000
rxn01740_d0_r	3.644563
rxn01807_d0_r	0.000000
rxn01917_d0_r	0.000000
rxn01974_d0_r	0.000000
rxn01975_d0_r	0.000000
rxn02056_d0_r	0.000000
rxn02159_d0_r	0.000000
rxn02213_d0_r	0.000000
rxn02264_d0_r	0.000000
rxn02304_d0_r	0.000000
rxn02305_d0_r	0.000000
rxn02320_d0_r	0.171155
rxn02380_d0_r	0.000000
rxn02402_d0	0.000000
rxn02465_d0_r	0.495449
rxn02474_d0_r	0.000000
rxn02476_d0_r	0.000000
rxn02484_d0_r	0.000000
rxn02508_d0_r	0.000000
rxn02733_d0_r	0.000000
rxn02789_d0_r	0.000000
rxn02811_d0_r	0.774702
rxn02832_d0	0.000000
rxn02835_d0_r	0.000000
rxn02914_d0_r	4.735375
rxn02928_d0_r	278.891648
rxn02929_d0_r	316.730371
rxn02938_d0_r	1.990684
rxn02959_d0_r	0.000000
rxn02988_d0	0.000000
rxn03004_d0_r	0.000000
rxn03062_d0_r	0.000000
rxn03108_d0_r	0.000000
rxn03135_d0	0.171155
rxn03136_d0_r	0.000000
rxn03137_d0_r	0.000000
rxn03175_d0_r	0.000000
rxn03907_d0_r	0.000000
rxn03908_d0_r	0.000000
rxn03958_d0_r	0.000000
rxn03983_d0_r	0.351318
rxn04152_d0_r	0.000000
rxn04153_d0_r	0.000000
rxn04154_d0_r	0.000000
rxn04161_d0_r	0.000000
rxn04954_d0_r	0.220700
rxn04996_d0	0.000000
rxn05024_d0_r	0.000000
rxn05036_d0_r	3.584450
rxn05105_d0_r	0.000000
rxn05238_c0_o	0.000000
rxn05238_d0_i	0.351318
rxn05319_c0_o	0.000000
rxn05319_d0_i	82.617923
rxn05324_d0_r	1.709831
rxn05325_d0_r	1.709831
rxn05326_d0_r	1.709831
rxn05330_d0_r	0.000000
rxn05331_d0_r	0.000000
rxn05335_d0_r	0.000000
rxn05337_d0_r	1.709831
rxn05338_d0_r	1.709831
rxn05340_d0_r	1.709831
rxn05342_d0_r	1.709831
rxn05343_d0_r	0.000000
rxn05345_d0_r	0.000000
rxn05346_d0_r	0.000000
rxn05348_d0_r	0.000000
rxn05350_d0_r	0.000000
rxn05465_d0_r	0.000000
rxn05466_c0_o	0.000000
rxn05466_d0_i	16.925370
rxn05467_c0_o	0.000000
rxn05467_d0_i	113.269698
rxn05468_c0_o	111.932184
rxn05468_d0_i	0.000000
rxn06556_d0_r	0.000000
rxn07441_d0_r	0.432392
rxn07579_d0_r	0.000000
rxn08043_d0_r	0.000000
rxn08217_c0_i	3.058283
rxn08392_d0_r	0.000000
rxn08436_d0_r	0.000000
rxn08544_d0_o	2.376819
rxn08730_c0_i	0.000000
rxn08730_d0_o	22.939653
rxn08764_d0_r	0.000000
rxn08766_d0_r	0.000000
rxn08868_d0_o	0.000000
rxn09118_d0_o	3.276372
rxn09121_c0_i	5.520706
rxn09121_d0_o	0.000000
rxn09218_d0_o	4.655415
rxn09817_d0_o	2.022459
rxn09839_d0_o	1.826316
rxn10832_d0_i	0.000000
rxn11040_d0_r	278.771422
rxn11700_d0_r	0.000000
rxn12008_d0	0.000000
rxn13360_d0_o	0.000000
rxn13361_d0_i	0.000000
rxn13365_d0_o	3.242741
rxn14094_d0_r	0.000000
rxn14142_d0_r	0.000000
rxn14261_d0_r	0.000000
rxn15021_d0	1.346720
rxn15069_d0_r	0.795897
rxn15116_d0_r	86.321493
rxn15271_d0_r	0.000000
rxn15280_d0_r	1.833161
rxn15298_d0_r	344.433216
rxn15364_d0_r	7.404074
rxn15435_d0_r	0.000000
rxn15493_d0_r	294.476595
rxn15494_d0_r	0.000000
rxn17469_d0_r	0.000000
rxn17803_d0_r	0.000000
rxn18935_d0_r	0.000000
rxn18936_d0_r	0.000000
rxn18937_d0_r	0.000000
rxn19027_d0_r	1.346720
rxn19686_d0_r	0.000000
rxn19701_d0	0.000000
rxn19828_d0_r	216.697566
rxn19846_d0_r	0.000000
rxn20583_d0_r	0.000000
rxn23155_d0_r	0.000000
rxn23415_d0_r	0.000000
rxn24330_d0_r	0.000000
rxn24357_d0_r	0.000000
rxn24358_d0_r	0.000000
rxn24360_d0_r	0.000000
rxn24362_d0_r	0.000000
rxn24508_d0_r	0.000000
rxn25637_d0_r	0.000000
rxn25641_d0_r	1.709831
rxn25647_d0_r	0.000000
rxn25649_d0_r	1.709831
rxn25660_d0_r	0.000000
rxn25661_d0_r	0.000000
rxn25662_d0_r	0.000000
rxn25716_d0_r	0.000000
rxn25718_d0_r	0.493928
rxn25719_d0_r	0.000000
rxn25743_d0_r	0.000000
rxn25747_d0_r	1.709831
rxn25750_d0_r	1.709831
rxn26037_d0_r	0.000000
rxn26477_d0_r	0.000000
rxn26498_d0_r	0.000000
rxn26528_d0_r	0.000000
rxn27266_d0_r	0.351318
rxn27318_d0_r	0.000000
rxn29240_d0_r	3.242741
rxn29318_d0_i	0.000000
rxn29733_d0_i	2.022459
rxn29785_d0_i	4.518279
rxn29919_d0_r	39.660597
rxn31154_d0_o	0.000000
rxn33186_d0_o	3.276372
rxn37018_d0_r	0.000000
rxn37266_d0_r	0.795897
rxn37651_d0_r	0.000000
rxn_cpd00103_c0_i	0.000000
EX_cpd00048_e0_i	0.351318
EX_cpd00001_e0_i	95.592280
EX_cpd00013_e0_i	15.547783
EX_cpd11632_e0_i	909.497991
EX_cpd00011_e0_i	109.265404
EX_cpd00009_e0_i	5.520706
EX_cpd00099_e0_i	0.000000
